Title,Company,Location
Software Developer 1,Oracle,"Bengaluru, Karnataka, India"
Graduate Software Engineer,Onside,"Christchurch, Canterbury, New Zealand"
Software Engineer Intern,Structured Labs,"San Francisco, CA"
SDE-1,Amazon,"Bengaluru, Karnataka, India"
Software Engineer I - Platforms Team,Nike,"Beaverton, OR"
Full Stack Software Engineer,Calm,"San Francisco, CA"
Software Engineer - Applications,LinkedIn,"Mountain View, CA"
Frontend Software Engineer,Patreon,"San Francisco, CA"
Backend Software Engineer,Patreon,"San Francisco, CA"
Fullstack Software Engineer,Patreon,"San Francisco, CA"
Software Engineer,Capgemini,"Bengaluru East, Karnataka, India"
Software Engineer,Deep Sky,"Los Angeles, CA"
SDE-1,Amazon,"Bengaluru, Karnataka, India"
SDE-1,Amazon,"Bengaluru, Karnataka, India"
Software Engineer (REMOTE),The Home Depot,"Atlanta, GA"
Software Engineer,Flip,New York City Metropolitan Area
Software Engineer,Adobe,"San Jose, CA"
Software Engineer Internship (12 months),Clerkie,"San Francisco, CA"
Front End Developer,Spiralyze,"Hyderabad, Telangana, India"
Software Engineer - Full Stack,Caelux,"Baldwin Park, CA"
Software Engineer I,Cox Automotive Inc.,"Atlanta, GA"
Web Application Developer Intern,Panasonic North America,"Irvine, CA"
Software Engineer,Forage,"San Francisco, CA"
Software Engineer - Campus Hire 2025,Lenovo,"Petaling Jaya, Selangor, Malaysia"
Associate Software Engineer,Capgemini,"Pune, Maharashtra, India"
"Software Engineer, AI Integrations",Asana,"San Francisco, CA"
Associate Software Engineer (Front End),StockX,"Detroit, MI"
Full Stack Developer (Remote),RainFocus,"Ohio, United States"
Software Engineer,Wipro,"Bengaluru, Karnataka, India"
Software Engineer (Full Stack),Airgoods,"New York, NY"
Software Engineer,PayPal,"San Jose, CA"
Software Engineer (Remote),The Home Depot,"Atlanta, GA"
"Software Engineer, AI Studio",Asana,"San Francisco, CA"
Software Engineer,Snapsheet Inc,United States
Software Engineer Intern,Docusign Partners,"Seattle, WA"
SDE I,Amazon,"Bengaluru, Karnataka, India"
Software Engineer Intern,Ricoh Colombia,"Boulder, CO"
"Software Engineer I, Accommodation (Backend)",tiket.com,"Noida, Uttar Pradesh, India"
Software Engineer Intern,PressoÂ®,"Sandy Springs, GA"
Software Engineer - Full Stack,Approach Venture,"Los Angeles, CA"
Software Developer,Oracle,United States
Software Engineer,Approach Venture,"El Segundo, CA"
Software Engineer,Lockheed Martin,"Hanover, MD"
Full Stack Engineer,Andium,United States
Software Development Engineer,Delta Air Lines,"Atlanta, GA"
Software Engineer,Capgemini,"Bengaluru East, Karnataka, India"
"Software Engineer, Fullstack",CLEAR,"Austin, TX"
Software Engineer Intern (Summer 2025),Okta,"Toronto, Ontario, Canada"
Web Development Internship in Bangalore,Rustic Wisdom,"Bengaluru, Karnataka, India"
Software Engineer Intern,Docusign,"Seattle, WA"
Software Development Engineer,Adobe,"San Jose, CA"
Front End Software Engineer,"Morgan & Morgan, P.A.","Brooklyn, NY"
Software Engineer,FanDuel,"New York, NY"
Software Developer -- Entry Level,CGI,"Richmond, VA"
Software Engineer,Honed,United States
React Developers,Accroid Inc,"Sunnyvale, CA"
Front End Software Engineer,Arm,"San Diego, CA"
Software Engineer | Frontend,Pump.co,"San Francisco, CA"
Software Engineer,Capgemini,"Hyderabad, Telangana, India"
Software Engineer,Science,"Alameda, CA"
