Portal,Title,Company,Location,Link
LinkedIn,Machine Learning Engineer II,Nykaa,"Bengaluru, Karnataka, India",https://www.linkedin.comhttps://in.linkedin.com/jobs/view/machine-learning-engineer-ii-at-nykaa-4177412929?position=1&pageNum=0&refId=ELQgUK7RpgZQYI9SBnguPQ%3D%3D&trackingId=RpwYvrD7juBjXtdEHeL6ag%3D%3D
LinkedIn,Junior Data Scientist,Cervecería Nacional,"Guayas, Ecuador",https://www.linkedin.comhttps://ec.linkedin.com/jobs/view/junior-data-scientist-at-cervecer%C3%ADa-nacional-4188973293?position=2&pageNum=0&refId=ELQgUK7RpgZQYI9SBnguPQ%3D%3D&trackingId=vo60MML7R%2BxHdxdpmOP52g%3D%3D
LinkedIn,Machine Learning Engineer,Ikigai,"San Mateo, CA",https://www.linkedin.comhttps://www.linkedin.com/jobs/view/machine-learning-engineer-at-ikigai-4184821866?position=3&pageNum=0&refId=ELQgUK7RpgZQYI9SBnguPQ%3D%3D&trackingId=Tn5NAzZ6fjPGAJUG4dTG7A%3D%3D
LinkedIn,Machine Learning Engineer,Deloitte,"Chennai, Tamil Nadu, India",https://www.linkedin.comhttps://in.linkedin.com/jobs/view/machine-learning-engineer-at-deloitte-4174338337?position=4&pageNum=0&refId=ELQgUK7RpgZQYI9SBnguPQ%3D%3D&trackingId=lXFdYO58ZotZomqWKnmp2Q%3D%3D
LinkedIn,Machine Learning Engineer - Early in Career,Splunk,"California, United States",https://www.linkedin.comhttps://www.linkedin.com/jobs/view/machine-learning-engineer-early-in-career-at-splunk-4182143466?position=5&pageNum=0&refId=ELQgUK7RpgZQYI9SBnguPQ%3D%3D&trackingId=X0eZy7SY1CvGi5svOdQPHQ%3D%3D
LinkedIn,Data Scientist,Chubb,"Bengaluru, Karnataka, India",https://www.linkedin.comhttps://in.linkedin.com/jobs/view/data-scientist-at-chubb-4188130146?position=6&pageNum=0&refId=ELQgUK7RpgZQYI9SBnguPQ%3D%3D&trackingId=7dViMd3K7buK8B7eBmsDCw%3D%3D
LinkedIn,Machine Learning Engineer,Wipro,"Bengaluru, Karnataka, India",https://www.linkedin.comhttps://in.linkedin.com/jobs/view/machine-learning-engineer-at-wipro-4169067713?position=7&pageNum=0&refId=ELQgUK7RpgZQYI9SBnguPQ%3D%3D&trackingId=nbNI8TVduEvTWRfluQch9g%3D%3D
LinkedIn,Machine Learning Engineer,Persistent Systems,"Santa Clara County, CA",https://www.linkedin.comhttps://www.linkedin.com/jobs/view/machine-learning-engineer-at-persistent-systems-4179691792?position=8&pageNum=0&refId=ELQgUK7RpgZQYI9SBnguPQ%3D%3D&trackingId=hGgy40wLhJj9nnCYivJInA%3D%3D
LinkedIn,Data Scientist,The Walt Disney Studios,"Burbank, CA",https://www.linkedin.comhttps://www.linkedin.com/jobs/view/data-scientist-at-the-walt-disney-studios-4188163132?position=9&pageNum=0&refId=ELQgUK7RpgZQYI9SBnguPQ%3D%3D&trackingId=ljXNnvuGM7%2FLsRE1jOl9Hw%3D%3D
LinkedIn,"Machine Learning Engineer II, Growth",Etsy,"Brooklyn, NY",https://www.linkedin.comhttps://www.linkedin.com/jobs/view/machine-learning-engineer-ii-growth-at-etsy-4172340230?position=10&pageNum=0&refId=ELQgUK7RpgZQYI9SBnguPQ%3D%3D&trackingId=8bakOqIDi7PS9karhO1gyw%3D%3D
LinkedIn,Machine Learning Engineer,Quantcast,"London, England, United Kingdom",https://www.linkedin.comhttps://uk.linkedin.com/jobs/view/machine-learning-engineer-at-quantcast-4182652961?position=11&pageNum=0&refId=ELQgUK7RpgZQYI9SBnguPQ%3D%3D&trackingId=LpSkyUSr5aiAW2EbekXOuA%3D%3D
LinkedIn,AI & Machine Learning Engineer (12 month Internship),Mitsubishi Power Europe,"London, England, United Kingdom",https://www.linkedin.comhttps://uk.linkedin.com/jobs/view/ai-machine-learning-engineer-12-month-internship-at-mitsubishi-power-europe-4179982673?position=12&pageNum=0&refId=ELQgUK7RpgZQYI9SBnguPQ%3D%3D&trackingId=NZDOfsNZcSZHn8bDSNFPFg%3D%3D
LinkedIn,Data Scientist,PepsiCo,"Hyderabad, Telangana, India",https://www.linkedin.comhttps://in.linkedin.com/jobs/view/data-scientist-at-pepsico-4189616855?position=13&pageNum=0&refId=ELQgUK7RpgZQYI9SBnguPQ%3D%3D&trackingId=MO6Si52AS94mxKngOr64nQ%3D%3D
LinkedIn,Machine Learning Engineer,Persistent Systems,"Santa Clara, CA",https://www.linkedin.comhttps://www.linkedin.com/jobs/view/machine-learning-engineer-at-persistent-systems-4169585393?position=14&pageNum=0&refId=ELQgUK7RpgZQYI9SBnguPQ%3D%3D&trackingId=nvllCirodtOXDpbSWB2Ilg%3D%3D
LinkedIn,Machine Learning Engineer,Cantor Fitzgerald,"New York, NY",https://www.linkedin.comhttps://www.linkedin.com/jobs/view/machine-learning-engineer-at-cantor-fitzgerald-4179421427?position=15&pageNum=0&refId=ELQgUK7RpgZQYI9SBnguPQ%3D%3D&trackingId=9mKJ2Og52ux%2FlLYL143X7w%3D%3D
LinkedIn,Machine Learning Engineer (L4/5) - Studio Media Algorithms,Netflix,United States,https://www.linkedin.comhttps://www.linkedin.com/jobs/view/machine-learning-engineer-l4-5-studio-media-algorithms-at-netflix-4178259234?position=16&pageNum=0&refId=ELQgUK7RpgZQYI9SBnguPQ%3D%3D&trackingId=MH3y7HDBbxCAIrHKZttOAg%3D%3D
LinkedIn,ML Engineer/Data Scientist,Adapty.io,United States,https://www.linkedin.comhttps://www.linkedin.com/jobs/view/ml-engineer-data-scientist-at-adapty-io-4182968625?position=17&pageNum=0&refId=ELQgUK7RpgZQYI9SBnguPQ%3D%3D&trackingId=yfI8yO5C0mgEwszpM2MxIQ%3D%3D
LinkedIn,Machine Learning Engineer,Dstillery,"New York, NY",https://www.linkedin.comhttps://www.linkedin.com/jobs/view/machine-learning-engineer-at-dstillery-4184056905?position=18&pageNum=0&refId=ELQgUK7RpgZQYI9SBnguPQ%3D%3D&trackingId=FldC49QgjSnlRlPtnZkzfA%3D%3D
LinkedIn,"Machine Learning Engineer, Estimated Travel Time",Lyft,"San Francisco County, CA",https://www.linkedin.comhttps://www.linkedin.com/jobs/view/machine-learning-engineer-estimated-travel-time-at-lyft-4183174306?position=19&pageNum=0&refId=ELQgUK7RpgZQYI9SBnguPQ%3D%3D&trackingId=p15GllV%2FLD5cJzKVD%2BBaWQ%3D%3D
LinkedIn,Machine Learning Engineer,Impetus,"Gurugram, Haryana, India",https://www.linkedin.comhttps://in.linkedin.com/jobs/view/machine-learning-engineer-at-impetus-4172639258?position=20&pageNum=0&refId=ELQgUK7RpgZQYI9SBnguPQ%3D%3D&trackingId=Ey6ES9xLSJYUG%2FFN9RiB%2FA%3D%3D
LinkedIn,Machine Learning / Deep Learning Engineer,Waymo,"Mountain View, CA",https://www.linkedin.comhttps://www.linkedin.com/jobs/view/machine-learning-deep-learning-engineer-at-waymo-4182662185?position=21&pageNum=0&refId=ELQgUK7RpgZQYI9SBnguPQ%3D%3D&trackingId=eYdJfirU96ybTgJwsrx5Lg%3D%3D
LinkedIn,Machine Learning (ML) Engineer,Mindroiu Serban-Alexandru PFA,"Bucharest, Bucharest, Romania",https://www.linkedin.comhttps://ro.linkedin.com/jobs/view/machine-learning-ml-engineer-at-mindroiu-serban-alexandru-pfa-4179484980?position=22&pageNum=0&refId=ELQgUK7RpgZQYI9SBnguPQ%3D%3D&trackingId=bIaF9bieuL1hb%2BdX9rwl3g%3D%3D
LinkedIn,AI / Machine Learning Engineer,Lockheed Martin,Denver Metropolitan Area,https://www.linkedin.comhttps://www.linkedin.com/jobs/view/ai-machine-learning-engineer-at-lockheed-martin-4185936697?position=23&pageNum=0&refId=ELQgUK7RpgZQYI9SBnguPQ%3D%3D&trackingId=iTmQC2caqRasGck1HpZ5oQ%3D%3D
LinkedIn,"Software Engineer L4, Machine Learning Platform (Metaflow)",Netflix,"Los Gatos, CA",https://www.linkedin.comhttps://www.linkedin.com/jobs/view/software-engineer-l4-machine-learning-platform-metaflow-at-netflix-4169608328?position=24&pageNum=0&refId=ELQgUK7RpgZQYI9SBnguPQ%3D%3D&trackingId=g8J%2BnJyrm4DJspRv8KhuCA%3D%3D
LinkedIn,Machine Learning Software Engineer (L5) - Content and Studio,Netflix,United States,https://www.linkedin.comhttps://www.linkedin.com/jobs/view/machine-learning-software-engineer-l5-content-and-studio-at-netflix-4169603732?position=25&pageNum=0&refId=ELQgUK7RpgZQYI9SBnguPQ%3D%3D&trackingId=ykP0vVK09Oz2ND1fsdtbgw%3D%3D
LinkedIn,Machine Learning Engineer,"Tagup, Inc.","Los Angeles, CA",https://www.linkedin.comhttps://www.linkedin.com/jobs/view/machine-learning-engineer-at-tagup-inc-4172362120?position=26&pageNum=0&refId=ELQgUK7RpgZQYI9SBnguPQ%3D%3D&trackingId=VmwFH%2BUhSq5Redp8aIWMwg%3D%3D
LinkedIn,Machine Learning Engineer,Adobe,"San Jose, CA",https://www.linkedin.comhttps://www.linkedin.com/jobs/view/machine-learning-engineer-at-adobe-4176926059?position=27&pageNum=0&refId=ELQgUK7RpgZQYI9SBnguPQ%3D%3D&trackingId=vkaGw5vq54OYRp5ISCWiOA%3D%3D
LinkedIn,Data Scientist,Garanti BBVA,"Istanbul, Türkiye",https://www.linkedin.comhttps://tr.linkedin.com/jobs/view/data-scientist-at-garanti-bbva-4186845442?position=28&pageNum=0&refId=ELQgUK7RpgZQYI9SBnguPQ%3D%3D&trackingId=lDYxLa4fJWwNOQHjR4tQ0Q%3D%3D
LinkedIn,Machine Learning Engineer,INSPYR Solutions,"Cupertino, CA",https://www.linkedin.comhttps://www.linkedin.com/jobs/view/machine-learning-engineer-at-inspyr-solutions-4183100167?position=29&pageNum=0&refId=ELQgUK7RpgZQYI9SBnguPQ%3D%3D&trackingId=aXzhgj082A2K1l%2F8gvA%2B4Q%3D%3D
LinkedIn,Machine Learning Engineer,Johnson & Johnson,"Singapore, Singapore",https://www.linkedin.comhttps://sg.linkedin.com/jobs/view/machine-learning-engineer-at-johnson-johnson-4181051588?position=30&pageNum=0&refId=ELQgUK7RpgZQYI9SBnguPQ%3D%3D&trackingId=ocV0sbNGiLZVmROekWvr7Q%3D%3D
LinkedIn,Machine Learning Engineer,PayPal,"San Jose, CA",https://www.linkedin.comhttps://www.linkedin.com/jobs/view/machine-learning-engineer-at-paypal-4187175758?position=31&pageNum=0&refId=ELQgUK7RpgZQYI9SBnguPQ%3D%3D&trackingId=J5lnhh7LxyNgGIPvgN7WLA%3D%3D
LinkedIn,Junior Data Scientist,Nedbank,"Johannesburg, Gauteng, South Africa",https://www.linkedin.comhttps://za.linkedin.com/jobs/view/junior-data-scientist-at-nedbank-4187159101?position=32&pageNum=0&refId=ELQgUK7RpgZQYI9SBnguPQ%3D%3D&trackingId=nNDGjgaQ1HptGJVgJb2sww%3D%3D
LinkedIn,Machine Learning Engineer,"Tagup, Inc.","New York, NY",https://www.linkedin.comhttps://www.linkedin.com/jobs/view/machine-learning-engineer-at-tagup-inc-4172359372?position=33&pageNum=0&refId=ELQgUK7RpgZQYI9SBnguPQ%3D%3D&trackingId=%2B6DrYdoDmy1NxdgJIYehoA%3D%3D
LinkedIn,"Machine Learning Software Engineer, Mapping",Lyft,"Toronto, Ontario, Canada",https://www.linkedin.comhttps://ca.linkedin.com/jobs/view/machine-learning-software-engineer-mapping-at-lyft-4182347088?position=34&pageNum=0&refId=ELQgUK7RpgZQYI9SBnguPQ%3D%3D&trackingId=9HActeKTSHqrMEmG6m8zlg%3D%3D
LinkedIn,Data Scientist,Red Bull,"Santa Monica, CA",https://www.linkedin.comhttps://www.linkedin.com/jobs/view/data-scientist-at-red-bull-4188465118?position=35&pageNum=0&refId=ELQgUK7RpgZQYI9SBnguPQ%3D%3D&trackingId=HoO%2BXExo%2BPGrlb7ARRvA9g%3D%3D
LinkedIn,ML Backend Software Engineer,Adamas Knight,Amsterdam Area,https://www.linkedin.comhttps://nl.linkedin.com/jobs/view/ml-backend-software-engineer-at-adamas-knight-4173769039?position=36&pageNum=0&refId=ELQgUK7RpgZQYI9SBnguPQ%3D%3D&trackingId=5b99ubDAem5cpORGEgguqg%3D%3D
LinkedIn,Machine Learning Engineer,Appinventiv,"Noida, Uttar Pradesh, India",https://www.linkedin.comhttps://in.linkedin.com/jobs/view/machine-learning-engineer-at-appinventiv-4174840129?position=37&pageNum=0&refId=ELQgUK7RpgZQYI9SBnguPQ%3D%3D&trackingId=3GvxIX07xf7RT2lVVpiu7g%3D%3D
LinkedIn,"Machine Learning Engineer, Box AI",Box,"Redwood City, CA",https://www.linkedin.comhttps://www.linkedin.com/jobs/view/machine-learning-engineer-box-ai-at-box-4183117006?position=38&pageNum=0&refId=ELQgUK7RpgZQYI9SBnguPQ%3D%3D&trackingId=xjG0g4sXS5ihdVwHgnqcxw%3D%3D
LinkedIn,"Machine Learning, Software Engineer",PermitFlow,"New York, NY",https://www.linkedin.comhttps://www.linkedin.com/jobs/view/machine-learning-software-engineer-at-permitflow-4189608581?position=39&pageNum=0&refId=ELQgUK7RpgZQYI9SBnguPQ%3D%3D&trackingId=27C4kClrSTmN4LcHl9mCoA%3D%3D
LinkedIn,Data Scientist,Chubb,"Whitehouse Station, NJ",https://www.linkedin.comhttps://www.linkedin.com/jobs/view/data-scientist-at-chubb-4189078147?position=40&pageNum=0&refId=ELQgUK7RpgZQYI9SBnguPQ%3D%3D&trackingId=JH15RBvK3GBd33yZesCdXg%3D%3D
LinkedIn,Machine Learning Engineer - A,Capgemini,"Hyderabad, Telangana, India",https://www.linkedin.comhttps://in.linkedin.com/jobs/view/machine-learning-engineer-a-at-capgemini-4188872967?position=41&pageNum=0&refId=ELQgUK7RpgZQYI9SBnguPQ%3D%3D&trackingId=IfBlG8xgB1kbFhRVSFrYlw%3D%3D
LinkedIn,Machine Learning Engineer,Verneek,"New York, NY",https://www.linkedin.comhttps://www.linkedin.com/jobs/view/machine-learning-engineer-at-verneek-4183836050?position=42&pageNum=0&refId=ELQgUK7RpgZQYI9SBnguPQ%3D%3D&trackingId=bjNVdVidtdAgCUZ6L6gGIA%3D%3D
LinkedIn,Machine Learning Engineer,Hedra,"San Francisco, CA",https://www.linkedin.comhttps://www.linkedin.com/jobs/view/machine-learning-engineer-at-hedra-4183844909?position=43&pageNum=0&refId=ELQgUK7RpgZQYI9SBnguPQ%3D%3D&trackingId=W4mPMUIDRxFica6EUpEqUQ%3D%3D
LinkedIn,Machine Learning Engineer,Attain,"Redwood City, CA",https://www.linkedin.comhttps://www.linkedin.com/jobs/view/machine-learning-engineer-at-attain-4181413660?position=44&pageNum=0&refId=ELQgUK7RpgZQYI9SBnguPQ%3D%3D&trackingId=Ytg7GZwEJtmm7b2UnoEXxA%3D%3D
LinkedIn,Machine Learning Engineer,Adobe,"San Jose, CA",https://www.linkedin.comhttps://www.linkedin.com/jobs/view/machine-learning-engineer-at-adobe-4184556467?position=45&pageNum=0&refId=ELQgUK7RpgZQYI9SBnguPQ%3D%3D&trackingId=%2FPbQG53cwYpQW%2FWMH4cVjg%3D%3D
LinkedIn,Machine Learning Engineer,Two Dots,"San Francisco, CA",https://www.linkedin.comhttps://www.linkedin.com/jobs/view/machine-learning-engineer-at-two-dots-4174512743?position=46&pageNum=0&refId=ELQgUK7RpgZQYI9SBnguPQ%3D%3D&trackingId=b%2BE0hRIulKWtepvb5auAaw%3D%3D
LinkedIn,Data Scientist - Periscope,McKinsey & Company,"Bengaluru, Karnataka, India",https://www.linkedin.comhttps://in.linkedin.com/jobs/view/data-scientist-periscope-at-mckinsey-company-4187611273?position=47&pageNum=0&refId=ELQgUK7RpgZQYI9SBnguPQ%3D%3D&trackingId=1l9ivHtbbhPHFIY4YXQS%2BA%3D%3D
LinkedIn,Machine Learning Engineer Intern,Sayari,United States,https://www.linkedin.comhttps://www.linkedin.com/jobs/view/machine-learning-engineer-intern-at-sayari-4184507341?position=48&pageNum=0&refId=ELQgUK7RpgZQYI9SBnguPQ%3D%3D&trackingId=EHvTGAgiOTZdvyTx0r5cmQ%3D%3D
LinkedIn,Data Scientist Analyst Jr.,MetLife México,"Mexico City, Mexico",https://www.linkedin.comhttps://mx.linkedin.com/jobs/view/data-scientist-analyst-jr-at-metlife-m%C3%A9xico-4189472763?position=49&pageNum=0&refId=ELQgUK7RpgZQYI9SBnguPQ%3D%3D&trackingId=Dgm%2F%2FnHcYSLbS0WGV2GG1w%3D%3D
LinkedIn,Machine Learning Engineer,"Tagup, Inc.","Salt Lake City, UT",https://www.linkedin.comhttps://www.linkedin.com/jobs/view/machine-learning-engineer-at-tagup-inc-4172357826?position=50&pageNum=0&refId=ELQgUK7RpgZQYI9SBnguPQ%3D%3D&trackingId=HidnqOTUvsAJ49GKWzWocw%3D%3D
LinkedIn,AI / ML Software Engineer (Rif. 2025-75),aizoOn Technology Consulting,Greater Turin Metropolitan Area,https://www.linkedin.comhttps://it.linkedin.com/jobs/view/ai-ml-software-engineer-rif-2025-75-at-aizoon-technology-consulting-4174802588?position=51&pageNum=0&refId=ELQgUK7RpgZQYI9SBnguPQ%3D%3D&trackingId=wVuDymKGzY4l3z4PRL5cbA%3D%3D
LinkedIn,Machine Learning Engineer,"Tagup, Inc.","Boston, MA",https://www.linkedin.comhttps://www.linkedin.com/jobs/view/machine-learning-engineer-at-tagup-inc-4172355933?position=52&pageNum=0&refId=ELQgUK7RpgZQYI9SBnguPQ%3D%3D&trackingId=OmR5Rmqm3dswD6APxxBZSg%3D%3D
LinkedIn,"Software Engineer, Machine Learning, Jigsaw",Google,"New York, NY",https://www.linkedin.comhttps://www.linkedin.com/jobs/view/software-engineer-machine-learning-jigsaw-at-google-4176973458?position=53&pageNum=0&refId=ELQgUK7RpgZQYI9SBnguPQ%3D%3D&trackingId=vw6S%2B3%2F99x%2FWadzUYAXVxA%3D%3D
LinkedIn,Python Machine learning Engineer,Infosys,"Bengaluru East, Karnataka, India",https://www.linkedin.comhttps://in.linkedin.com/jobs/view/python-machine-learning-engineer-at-infosys-4183484411?position=54&pageNum=0&refId=ELQgUK7RpgZQYI9SBnguPQ%3D%3D&trackingId=bVH4FQQdgQW3ccrz31DGjw%3D%3D
LinkedIn,Machine Learning Engineer,SGS & Co,"Mumbai, Maharashtra, India",https://www.linkedin.comhttps://in.linkedin.com/jobs/view/machine-learning-engineer-at-sgs-co-4174098741?position=55&pageNum=0&refId=ELQgUK7RpgZQYI9SBnguPQ%3D%3D&trackingId=ccRvG5uGGcMaQsh1Netvgw%3D%3D
LinkedIn,Machine Learning Engineer III,Walmart Global Tech,"Sunnyvale, CA",https://www.linkedin.comhttps://www.linkedin.com/jobs/view/machine-learning-engineer-iii-at-walmart-global-tech-4183357249?position=56&pageNum=0&refId=ELQgUK7RpgZQYI9SBnguPQ%3D%3D&trackingId=8PJ2SigPtLHlidA84vXRyQ%3D%3D
LinkedIn,"Machine Learning, Software Engineer (Remote)",PermitFlow,"New York, NY",https://www.linkedin.comhttps://www.linkedin.com/jobs/view/machine-learning-software-engineer-remote-at-permitflow-4189608088?position=57&pageNum=0&refId=ELQgUK7RpgZQYI9SBnguPQ%3D%3D&trackingId=yR09KQyUNB8aUqN3x7VM8g%3D%3D
LinkedIn,Machine Learning Engineer (contract),Airbnb,"San Francisco, CA",https://www.linkedin.comhttps://www.linkedin.com/jobs/view/machine-learning-engineer-contract-at-airbnb-4184826153?position=58&pageNum=0&refId=ELQgUK7RpgZQYI9SBnguPQ%3D%3D&trackingId=x5VtBbVo6uqYeTPpv6qXzQ%3D%3D
LinkedIn,Machine Learning Engineer I,TD,"Toronto, Ontario, Canada",https://www.linkedin.comhttps://ca.linkedin.com/jobs/view/machine-learning-engineer-i-at-td-4182360805?position=59&pageNum=0&refId=ELQgUK7RpgZQYI9SBnguPQ%3D%3D&trackingId=epoQ0To7RVBKOuWFlsgMww%3D%3D
LinkedIn,Machine Learning Engineer,Qualcomm,"Hyderabad, Telangana, India",https://www.linkedin.comhttps://in.linkedin.com/jobs/view/machine-learning-engineer-at-qualcomm-4183003115?position=60&pageNum=0&refId=ELQgUK7RpgZQYI9SBnguPQ%3D%3D&trackingId=rnujebJyF7wEvft1PDlq4w%3D%3D
LinkedIn,Machine Learning Engineer,"Tagup, Inc.","Los Angeles, CA",https://www.linkedin.comhttps://www.linkedin.com/jobs/view/machine-learning-engineer-at-tagup-inc-4172362120?position=1&pageNum=2&refId=RULQYSyEx2cR53brmLho3w%3D%3D&trackingId=1rhp4E4pc0bKsi1t76P39w%3D%3D
LinkedIn,Machine Learning Engineer,Adobe,"San Jose, CA",https://www.linkedin.comhttps://www.linkedin.com/jobs/view/machine-learning-engineer-at-adobe-4176926059?position=2&pageNum=2&refId=RULQYSyEx2cR53brmLho3w%3D%3D&trackingId=32DoyKm4e9wI1JegP7%2Fmrw%3D%3D
LinkedIn,Data Scientist,Garanti BBVA,"Istanbul, Türkiye",https://www.linkedin.comhttps://tr.linkedin.com/jobs/view/data-scientist-at-garanti-bbva-4186845442?position=3&pageNum=2&refId=RULQYSyEx2cR53brmLho3w%3D%3D&trackingId=bvllOAPG0D4tIK6tT%2F%2FBZg%3D%3D
LinkedIn,Machine Learning Engineer,INSPYR Solutions,"Cupertino, CA",https://www.linkedin.comhttps://www.linkedin.com/jobs/view/machine-learning-engineer-at-inspyr-solutions-4183100167?position=4&pageNum=2&refId=RULQYSyEx2cR53brmLho3w%3D%3D&trackingId=Y1L3dPKkqkbDOLy7CSWIWw%3D%3D
LinkedIn,Machine Learning Engineer,Johnson & Johnson,"Singapore, Singapore",https://www.linkedin.comhttps://sg.linkedin.com/jobs/view/machine-learning-engineer-at-johnson-johnson-4181051588?position=5&pageNum=2&refId=RULQYSyEx2cR53brmLho3w%3D%3D&trackingId=5PNF5%2Fup9teTgDGbpDZTqw%3D%3D
LinkedIn,Machine Learning Engineer,PayPal,"San Jose, CA",https://www.linkedin.comhttps://www.linkedin.com/jobs/view/machine-learning-engineer-at-paypal-4187175758?position=6&pageNum=2&refId=RULQYSyEx2cR53brmLho3w%3D%3D&trackingId=b6FasXRuCD8vYJG9GgVuDQ%3D%3D
LinkedIn,Junior Data Scientist,Nedbank,"Johannesburg, Gauteng, South Africa",https://www.linkedin.comhttps://za.linkedin.com/jobs/view/junior-data-scientist-at-nedbank-4187159101?position=7&pageNum=2&refId=RULQYSyEx2cR53brmLho3w%3D%3D&trackingId=pTyOJ522kwsCZeIkS68HIw%3D%3D
LinkedIn,Machine Learning Engineer,"Tagup, Inc.","New York, NY",https://www.linkedin.comhttps://www.linkedin.com/jobs/view/machine-learning-engineer-at-tagup-inc-4172359372?position=8&pageNum=2&refId=RULQYSyEx2cR53brmLho3w%3D%3D&trackingId=0XM%2B4PkK21ZEn%2FMfFTVGgw%3D%3D
LinkedIn,"Machine Learning Software Engineer, Mapping",Lyft,"Toronto, Ontario, Canada",https://www.linkedin.comhttps://ca.linkedin.com/jobs/view/machine-learning-software-engineer-mapping-at-lyft-4182347088?position=9&pageNum=2&refId=RULQYSyEx2cR53brmLho3w%3D%3D&trackingId=L3lBPnWkonZbpHkUBNT3iw%3D%3D
LinkedIn,Data Scientist,Red Bull,"Santa Monica, CA",https://www.linkedin.comhttps://www.linkedin.com/jobs/view/data-scientist-at-red-bull-4188465118?position=10&pageNum=2&refId=RULQYSyEx2cR53brmLho3w%3D%3D&trackingId=QQr9XYhnvhYO3UGagPJOYw%3D%3D
LinkedIn,AI / ML Software Engineer (Rif. 2025-75),aizoOn Technology Consulting,Greater Turin Metropolitan Area,https://www.linkedin.comhttps://it.linkedin.com/jobs/view/ai-ml-software-engineer-rif-2025-75-at-aizoon-technology-consulting-4174802588?position=1&pageNum=5&refId=gdmuP0P7y1u3OiDuPeGHSQ%3D%3D&trackingId=9WZ3%2F2hOUVeUZqoFQK%2F1QQ%3D%3D
LinkedIn,Machine Learning Engineer,"Tagup, Inc.","Boston, MA",https://www.linkedin.comhttps://www.linkedin.com/jobs/view/machine-learning-engineer-at-tagup-inc-4172355933?position=2&pageNum=5&refId=gdmuP0P7y1u3OiDuPeGHSQ%3D%3D&trackingId=Ob5MnWiJhG0EE6MSGcFzdQ%3D%3D
LinkedIn,"Software Engineer, Machine Learning, Jigsaw",Google,"New York, NY",https://www.linkedin.comhttps://www.linkedin.com/jobs/view/software-engineer-machine-learning-jigsaw-at-google-4176973458?position=3&pageNum=5&refId=gdmuP0P7y1u3OiDuPeGHSQ%3D%3D&trackingId=IJ0YMu86dt5NQ1eT4Gf%2BQw%3D%3D
LinkedIn,Python Machine learning Engineer,Infosys,"Bengaluru East, Karnataka, India",https://www.linkedin.comhttps://in.linkedin.com/jobs/view/python-machine-learning-engineer-at-infosys-4183484411?position=4&pageNum=5&refId=gdmuP0P7y1u3OiDuPeGHSQ%3D%3D&trackingId=4IwQJ88AmujMJ1ABi1bquQ%3D%3D
LinkedIn,Machine Learning Engineer,SGS & Co,"Mumbai, Maharashtra, India",https://www.linkedin.comhttps://in.linkedin.com/jobs/view/machine-learning-engineer-at-sgs-co-4174098741?position=5&pageNum=5&refId=gdmuP0P7y1u3OiDuPeGHSQ%3D%3D&trackingId=OXKOl7hthMS17ofL%2F%2B%2FaUQ%3D%3D
LinkedIn,Machine Learning Engineer III,Walmart Global Tech,"Sunnyvale, CA",https://www.linkedin.comhttps://www.linkedin.com/jobs/view/machine-learning-engineer-iii-at-walmart-global-tech-4183357249?position=6&pageNum=5&refId=gdmuP0P7y1u3OiDuPeGHSQ%3D%3D&trackingId=VyCJMYRBZGcxuiy%2BR3qdYw%3D%3D
LinkedIn,"Machine Learning, Software Engineer (Remote)",PermitFlow,"New York, NY",https://www.linkedin.comhttps://www.linkedin.com/jobs/view/machine-learning-software-engineer-remote-at-permitflow-4189608088?position=7&pageNum=5&refId=gdmuP0P7y1u3OiDuPeGHSQ%3D%3D&trackingId=DFRJq%2BwTa6GDxLNeIunupw%3D%3D
LinkedIn,Machine Learning Engineer (contract),Airbnb,"San Francisco, CA",https://www.linkedin.comhttps://www.linkedin.com/jobs/view/machine-learning-engineer-contract-at-airbnb-4184826153?position=8&pageNum=5&refId=gdmuP0P7y1u3OiDuPeGHSQ%3D%3D&trackingId=yx0KfN39lUZp9LihAcKIvg%3D%3D
LinkedIn,Machine Learning Engineer I,TD,"Toronto, Ontario, Canada",https://www.linkedin.comhttps://ca.linkedin.com/jobs/view/machine-learning-engineer-i-at-td-4182360805?position=9&pageNum=5&refId=gdmuP0P7y1u3OiDuPeGHSQ%3D%3D&trackingId=5GqB9cBqTL5TG%2B1%2BLysQ%2Bw%3D%3D
LinkedIn,Machine Learning Engineer,Qualcomm,"Hyderabad, Telangana, India",https://www.linkedin.comhttps://in.linkedin.com/jobs/view/machine-learning-engineer-at-qualcomm-4183003115?position=10&pageNum=5&refId=gdmuP0P7y1u3OiDuPeGHSQ%3D%3D&trackingId=rg8bejlNg448LpY6hRz5dA%3D%3D
LinkedIn,Data Scientist (Mid/Jr),Qogita,"London, England, United Kingdom",https://www.linkedin.comhttps://uk.linkedin.com/jobs/view/data-scientist-mid-jr-at-qogita-4187673504?position=1&pageNum=7&refId=L48zAyL1Giuas0UAIdxpOw%3D%3D&trackingId=CilL%2FLnfYbhwk0KThtrpYg%3D%3D
LinkedIn,Machine Learning Engineer,Storytime,"San Francisco, CA",https://www.linkedin.comhttps://www.linkedin.com/jobs/view/machine-learning-engineer-at-storytime-4167926055?position=2&pageNum=7&refId=L48zAyL1Giuas0UAIdxpOw%3D%3D&trackingId=%2BrABqBAaBGzBG8ulchfjLQ%3D%3D
LinkedIn,Machine Learning Engineer,In Technology Group,"London Area, United Kingdom",https://www.linkedin.comhttps://uk.linkedin.com/jobs/view/machine-learning-engineer-at-in-technology-group-4178525549?position=3&pageNum=7&refId=L48zAyL1Giuas0UAIdxpOw%3D%3D&trackingId=N7pz61ceOTSu7k%2BZkA3zjQ%3D%3D
LinkedIn,Machine Learning Engineer - Diffusion Models & Deep Learning,Alpha,"New York, NY",https://www.linkedin.comhttps://www.linkedin.com/jobs/view/machine-learning-engineer-diffusion-models-deep-learning-at-alpha-4180269453?position=4&pageNum=7&refId=L48zAyL1Giuas0UAIdxpOw%3D%3D&trackingId=lfDfNbHQoSLn9Qr15MxEsQ%3D%3D
LinkedIn,Machine Learning Engineer (LLM / NLP),Tiger Analytics,"Malvern, PA",https://www.linkedin.comhttps://www.linkedin.com/jobs/view/machine-learning-engineer-llm-nlp-at-tiger-analytics-4189831516?position=5&pageNum=7&refId=L48zAyL1Giuas0UAIdxpOw%3D%3D&trackingId=HVCL6T4BYYWPBtnHVhHzUQ%3D%3D
LinkedIn,Data Scientist,Wipro,"Singapore, Singapore",https://www.linkedin.comhttps://sg.linkedin.com/jobs/view/data-scientist-at-wipro-4186255874?position=6&pageNum=7&refId=L48zAyL1Giuas0UAIdxpOw%3D%3D&trackingId=qV6bMDSAQ4255iOrvC0lZQ%3D%3D
LinkedIn,Machine Learning Engineer,OpenBet,"Athens, Attiki, Greece",https://www.linkedin.comhttps://gr.linkedin.com/jobs/view/machine-learning-engineer-at-openbet-4185481439?position=7&pageNum=7&refId=L48zAyL1Giuas0UAIdxpOw%3D%3D&trackingId=K0ekS4irhL2UXhrqDP9zDw%3D%3D
LinkedIn,"Machine Learning Engineer, AI Software & Platform",Cisco,United States,https://www.linkedin.comhttps://www.linkedin.com/jobs/view/machine-learning-engineer-ai-software-platform-at-cisco-4176493655?position=8&pageNum=7&refId=L48zAyL1Giuas0UAIdxpOw%3D%3D&trackingId=zejjiD%2BLpKjrUCJ8Hcv3bQ%3D%3D
LinkedIn,Machine Learning Engineer,fifty-five,"London, England, United Kingdom",https://www.linkedin.comhttps://uk.linkedin.com/jobs/view/machine-learning-engineer-at-fifty-five-4183842913?position=9&pageNum=7&refId=L48zAyL1Giuas0UAIdxpOw%3D%3D&trackingId=%2FeN1eMWbw7ZG2RQ9%2BtR75Q%3D%3D
LinkedIn,Machine Learning Engineer | Breaker,Main Sequence,"Eveleigh, New South Wales, Australia",https://www.linkedin.comhttps://au.linkedin.com/jobs/view/machine-learning-engineer-breaker-at-main-sequence-4183197754?position=10&pageNum=7&refId=L48zAyL1Giuas0UAIdxpOw%3D%3D&trackingId=v58cVm90VAvdRp2VBI7XgA%3D%3D
